{
  "N_neither": {
    "28m": {
      "pnl_pct": 682972.0552133361,
      "max_dd_pct": -74.34164466351241,
      "n_trades": 1130,
      "calmar": 9186.937661987795
    },
    "12m": {
      "pnl_pct": 19705.646696106083,
      "max_dd_pct": -40.33677804627646,
      "n_trades": 466,
      "calmar": 488.5280295193319
    },
    "6m": {
      "pnl_pct": 1336.5841716248194,
      "max_dd_pct": -32.870135550087426,
      "n_trades": 235,
      "calmar": 40.6625695104949
    },
    "3m": {
      "pnl_pct": 60.44800492107307,
      "max_dd_pct": -16.294388390308097,
      "n_trades": 131,
      "calmar": 3.70974371502201
    }
  },
  "D_disp_only": {
    "28m": {
      "pnl_pct": 527221.2438141428,
      "max_dd_pct": -74.341617096791,
      "n_trades": 1124,
      "calmar": 7091.872149185474
    },
    "12m": {
      "pnl_pct": 10013.612983122577,
      "max_dd_pct": -41.4059819919382,
      "n_trades": 467,
      "calmar": 241.83976569067343
    },
    "6m": {
      "pnl_pct": 1336.5841716248194,
      "max_dd_pct": -32.870135550087426,
      "n_trades": 235,
      "calmar": 40.6625695104949
    },
    "3m": {
      "pnl_pct": 60.44800492107307,
      "max_dd_pct": -16.294388390308097,
      "n_trades": 131,
      "calmar": 3.70974371502201
    }
  },
  "T_traj_only": {
    "28m": {
      "pnl_pct": 1089201.778822217,
      "max_dd_pct": -65.86584697794864,
      "n_trades": 1136,
      "calmar": 16536.670046721985
    },
    "12m": {
      "pnl_pct": 23281.378613855042,
      "max_dd_pct": -40.33677804627646,
      "n_trades": 468,
      "calmar": 577.1749688868414
    },
    "6m": {
      "pnl_pct": 1360.5209246566296,
      "max_dd_pct": -32.870153618193434,
      "n_trades": 235,
      "calmar": 41.390768673000345
    },
    "3m": {
      "pnl_pct": 57.613352768714336,
      "max_dd_pct": -17.59087702093327,
      "n_trades": 132,
      "calmar": 3.2751836477598038
    }
  },
  "B_both_shipped": {
    "28m": {
      "pnl_pct": 743197.1139729721,
      "max_dd_pct": -66.82320745820311,
      "n_trades": 1131,
      "calmar": 11121.841381795844
    },
    "12m": {
      "pnl_pct": 11941.178316214435,
      "max_dd_pct": -41.40598901752448,
      "n_trades": 469,
      "calmar": 288.392539329528
    },
    "6m": {
      "pnl_pct": 1360.5209246566296,
      "max_dd_pct": -32.870153618193434,
      "n_trades": 235,
      "calmar": 41.390768673000345
    },
    "3m": {
      "pnl_pct": 57.613352768714336,
      "max_dd_pct": -17.59087702093327,
      "n_trades": 132,
      "calmar": 3.2751836477598038
    }
  }
}