{
  "traj_cut": {
    "28m": {
      "d_pnl": 215975.87015882938,
      "d_dd": 7.518409638587883,
      "verdict": "PnL+ DD\u2717"
    },
    "12m": {
      "d_pnl": 1927.5653330918576,
      "d_dd": -7.025586285180907e-06,
      "verdict": "KEEP \u2713"
    },
    "6m": {
      "d_pnl": 23.936753031810213,
      "d_dd": -1.8068106008684026e-05,
      "verdict": "KEEP \u2713"
    },
    "3m": {
      "d_pnl": -2.8346521523587356,
      "d_dd": -1.2964886306251735,
      "verdict": "PnL- DD\u2713"
    }
  },
  "disp_gate": {
    "28m": {
      "d_pnl": -155750.81139919336,
      "d_dd": 2.7566721414018502e-05,
      "verdict": "PnL- DD\u2713"
    },
    "12m": {
      "d_pnl": -9692.033712983506,
      "d_dd": -1.0692039456617408,
      "verdict": "PnL- DD\u2713"
    },
    "6m": {
      "d_pnl": 0.0,
      "d_dd": 0.0,
      "verdict": "PnL- DD\u2713"
    },
    "3m": {
      "d_pnl": 0.0,
      "d_dd": 0.0,
      "verdict": "PnL- DD\u2713"
    }
  },
  "runner_ext": {
    "28m": {
      "d_pnl": 17181.696750352567,
      "d_dd": -3.573583782891177,
      "verdict": "KEEP \u2713"
    },
    "12m": {
      "d_pnl": 866.0971722965787,
      "d_dd": -2.9772101157732322e-06,
      "verdict": "KEEP \u2713"
    },
    "6m": {
      "d_pnl": 253.80706432264287,
      "d_dd": 6.226199676126853,
      "verdict": "PnL+ DD\u2717"
    },
    "3m": {
      "d_pnl": 0.09966850043038988,
      "d_dd": 0.0,
      "verdict": "KEEP \u2713"
    }
  }
}