{
  "ts": "2026-05-15T15:59:06.355172",
  "baseline": {
    "28m": {
      "pnl_pct": 227769.62700566193,
      "max_dd_pct": -70.76809490132409,
      "n_trades": 1108,
      "win_rate": 52.25631768953068,
      "by_strat": {
        "S5": {
          "n": 453,
          "pnl": 746709.27,
          "wr": 49.0
        },
        "S10": {
          "n": 354,
          "pnl": 149929.35,
          "wr": 55.0
        },
        "S9": {
          "n": 112,
          "pnl": 664627.92,
          "wr": 51.0
        },
        "S8": {
          "n": 116,
          "pnl": 497045.99,
          "wr": 58.0
        },
        "S1": {
          "n": 73,
          "pnl": 219383.74,
          "wr": 51.0
        }
      },
      "exit_dist": {
        "timeout": 824,
        "stop": 141,
        "dead_timeout": 92,
        "s10_trailing": 40,
        "s9_early_exit": 8,
        "mtm_final": 3
      },
      "n_dead_t8h": 0,
      "n_s5_long": 284,
      "elapsed": 4.318596363067627
    },
    "12m": {
      "pnl_pct": 8231.289771633987,
      "max_dd_pct": -41.405994067677106,
      "n_trades": 462,
      "win_rate": 55.1948051948052,
      "by_strat": {
        "S1": {
          "n": 10,
          "pnl": 7908.62,
          "wr": 50.0
        },
        "S9": {
          "n": 35,
          "pnl": 24068.02,
          "wr": 57.0
        },
        "S5": {
          "n": 199,
          "pnl": 26845.11,
          "wr": 49.0
        },
        "S10": {
          "n": 163,
          "pnl": 5550.29,
          "wr": 61.0
        },
        "S8": {
          "n": 55,
          "pnl": 17940.86,
          "wr": 60.0
        }
      },
      "exit_dist": {
        "timeout": 353,
        "stop": 47,
        "dead_timeout": 44,
        "s10_trailing": 13,
        "mtm_final": 3,
        "s9_early_exit": 2
      },
      "n_dead_t8h": 0,
      "n_s5_long": 126,
      "elapsed": 1.7232835292816162
    },
    "6m": {
      "pnl_pct": 1057.4005859789056,
      "max_dd_pct": -39.09623759981529,
      "n_trades": 231,
      "win_rate": 54.112554112554115,
      "by_strat": {
        "S5": {
          "n": 99,
          "pnl": 3453.54,
          "wr": 48.0
        },
        "S10": {
          "n": 79,
          "pnl": 558.47,
          "wr": 58.0
        },
        "S8": {
          "n": 35,
          "pnl": 2055.24,
          "wr": 57.0
        },
        "S9": {
          "n": 16,
          "pnl": 3350.38,
          "wr": 56.0
        },
        "S1": {
          "n": 2,
          "pnl": 1156.37,
          "wr": 100.0
        }
      },
      "exit_dist": {
        "timeout": 183,
        "dead_timeout": 21,
        "stop": 19,
        "s10_trailing": 4,
        "mtm_final": 3,
        "s9_early_exit": 1
      },
      "n_dead_t8h": 0,
      "n_s5_long": 64,
      "elapsed": 1.0985655784606934
    },
    "3m": {
      "pnl_pct": 207.3872323979609,
      "max_dd_pct": -17.446157004932626,
      "n_trades": 135,
      "win_rate": 53.333333333333336,
      "by_strat": {
        "S9": {
          "n": 10,
          "pnl": 348.77,
          "wr": 40.0
        },
        "S5": {
          "n": 68,
          "pnl": 827.78,
          "wr": 49.0
        },
        "S10": {
          "n": 50,
          "pnl": 80.52,
          "wr": 56.0
        },
        "S8": {
          "n": 5,
          "pnl": 509.69,
          "wr": 100.0
        },
        "S1": {
          "n": 2,
          "pnl": 307.11,
          "wr": 100.0
        }
      },
      "exit_dist": {
        "timeout": 108,
        "dead_timeout": 15,
        "stop": 8,
        "mtm_final": 3,
        "s9_early_exit": 1
      },
      "n_dead_t8h": 0,
      "n_s5_long": 42,
      "elapsed": 0.8179242610931396
    }
  },
  "strong": {
    "28m": {
      "pnl_pct": 234725.1666112154,
      "max_dd_pct": -64.20013658551909,
      "n_trades": 1125,
      "win_rate": 50.75555555555555,
      "by_strat": {
        "S5": {
          "n": 471,
          "pnl": 677663.32,
          "wr": 45.0
        },
        "S10": {
          "n": 356,
          "pnl": 145863.41,
          "wr": 55.0
        },
        "S9": {
          "n": 111,
          "pnl": 728116.83,
          "wr": 51.0
        },
        "S8": {
          "n": 114,
          "pnl": 549978.91,
          "wr": 59.0
        },
        "S1": {
          "n": 73,
          "pnl": 245629.19,
          "wr": 51.0
        }
      },
      "exit_dist": {
        "timeout": 802,
        "stop": 129,
        "s5_dead_t8h": 77,
        "dead_timeout": 66,
        "s10_trailing": 41,
        "s9_early_exit": 8,
        "mtm_final": 2
      },
      "n_dead_t8h": 77,
      "n_s5_long": 301,
      "elapsed": 4.375312089920044
    },
    "12m": {
      "pnl_pct": 6046.483499166508,
      "max_dd_pct": -41.40599375319763,
      "n_trades": 470,
      "win_rate": 53.61702127659574,
      "by_strat": {
        "S1": {
          "n": 10,
          "pnl": 6308.34,
          "wr": 50.0
        },
        "S9": {
          "n": 35,
          "pnl": 18859.99,
          "wr": 57.0
        },
        "S5": {
          "n": 209,
          "pnl": 16902.76,
          "wr": 46.0
        },
        "S10": {
          "n": 161,
          "pnl": 3950.61,
          "wr": 61.0
        },
        "S8": {
          "n": 55,
          "pnl": 14443.13,
          "wr": 60.0
        }
      },
      "exit_dist": {
        "timeout": 346,
        "stop": 45,
        "dead_timeout": 32,
        "s5_dead_t8h": 30,
        "s10_trailing": 13,
        "s9_early_exit": 2,
        "mtm_final": 2
      },
      "n_dead_t8h": 30,
      "n_s5_long": 135,
      "elapsed": 1.7040448188781738
    },
    "6m": {
      "pnl_pct": 986.4059143402599,
      "max_dd_pct": -39.096290955273965,
      "n_trades": 232,
      "win_rate": 53.44827586206896,
      "by_strat": {
        "S5": {
          "n": 100,
          "pnl": 2646.59,
          "wr": 47.0
        },
        "S10": {
          "n": 79,
          "pnl": 565.32,
          "wr": 58.0
        },
        "S8": {
          "n": 35,
          "pnl": 2084.82,
          "wr": 57.0
        },
        "S9": {
          "n": 16,
          "pnl": 3393.27,
          "wr": 56.0
        },
        "S1": {
          "n": 2,
          "pnl": 1174.05,
          "wr": 100.0
        }
      },
      "exit_dist": {
        "timeout": 183,
        "stop": 19,
        "dead_timeout": 15,
        "s5_dead_t8h": 8,
        "s10_trailing": 4,
        "mtm_final": 2,
        "s9_early_exit": 1
      },
      "n_dead_t8h": 8,
      "n_s5_long": 65,
      "elapsed": 1.0549697875976562
    },
    "3m": {
      "pnl_pct": 182.6443479727418,
      "max_dd_pct": -21.983818130088668,
      "n_trades": 136,
      "win_rate": 52.20588235294118,
      "by_strat": {
        "S9": {
          "n": 10,
          "pnl": 317.47,
          "wr": 40.0
        },
        "S5": {
          "n": 70,
          "pnl": 640.58,
          "wr": 47.0
        },
        "S10": {
          "n": 49,
          "pnl": 56.07,
          "wr": 55.0
        },
        "S8": {
          "n": 5,
          "pnl": 506.89,
          "wr": 100.0
        },
        "S1": {
          "n": 2,
          "pnl": 305.44,
          "wr": 100.0
        }
      },
      "exit_dist": {
        "timeout": 108,
        "dead_timeout": 11,
        "stop": 7,
        "s5_dead_t8h": 7,
        "mtm_final": 2,
        "s9_early_exit": 1
      },
      "n_dead_t8h": 7,
      "n_s5_long": 44,
      "elapsed": 0.816124439239502
    }
  },
  "strong_verdict": {
    "verdict": "RED",
    "pass_pnl_count": 1,
    "avg_dd": 0.5075610374174406,
    "deltas": {
      "28m": {
        "d_pnl": 6955.539605553466,
        "d_dd": 6.567958315805001
      },
      "12m": {
        "d_pnl": -2184.8062724674783,
        "d_dd": 3.1447947890228534e-07
      },
      "6m": {
        "d_pnl": -70.99467163864574,
        "d_dd": -5.335545867524161e-05
      },
      "3m": {
        "d_pnl": -24.742884425219103,
        "d_dd": -4.537661125156042
      }
    }
  },