{
  "version": "session_filter_v2_regime",
  "timestamp": "2026-05-27T10:29:42.430586+00:00",
  "baseline": {
    "28m": {
      "pnl_pct": 534940.9484931194,
      "max_dd_pct": -70.76808617881674,
      "n_trades": 1126
    },
    "12m": {
      "pnl_pct": 9109.942481819462,
      "max_dd_pct": -41.40600569447665,
      "n_trades": 466
    },
    "6m": {
      "pnl_pct": 1138.0689326100564,
      "max_dd_pct": -39.096270551948194,
      "n_trades": 235
    },
    "3m": {
      "pnl_pct": 58.99023092350413,
      "max_dd_pct": -16.827512046617535,
      "n_trades": 129
    }
  },
  "variants": {
    "block_long_us__bz_lt_neg05": {
      "rule": "block_long_us",
      "z_threshold": -0.5,
      "res": {
        "28m": {
          "pnl_pct": 122473.3169310445,
          "max_dd_pct": -74.35048195245223,
          "n_trades": 1101
        },
        "12m": {
          "pnl_pct": 2135.8167633000744,
          "max_dd_pct": -52.91609576110062,
          "n_trades": 453
        },
        "6m": {
          "pnl_pct": 203.77445113490484,
          "max_dd_pct": -52.91633222271814,
          "n_trades": 229
        },
        "3m": {
          "pnl_pct": 57.86823005445547,
          "max_dd_pct": -15.526396880939835,
          "n_trades": 128
        }
      },
      "verdict": {
        "verdict": "RED",
        "pass_pnl": 0,
        "avg_dd": -6.902858086337925,
        "deltas": {
          "28m": {
            "d_pnl": -412467.63156207494,
            "d_dd": -3.582395773635483
          },
          "12m": {
            "d_pnl": -6974.125718519388,
            "d_dd": -11.510090066623974
          },
          "6m": {
            "d_pnl": -934.2944814751515,
            "d_dd": -13.820061670769945
          },
          "3m": {
            "d_pnl": -1.1220008690486551,
            "d_dd": 1.3011151656777002
          }
        }
      },
      "fired": 338,
      "fired_by_regime": {
        "bear": 338
      }
    },
    "block_long_us__bz_lt_0": {
      "rule": "block_long_us",
      "z_threshold": 0.0,
      "res": {
        "28m": {
          "pnl_pct": 232290.44453255937,
          "max_dd_pct": -62.99266601291984,
          "n_trades": 1089
        },
        "12m": {
          "pnl_pct": 2051.164492107419,
          "max_dd_pct": -52.916073882878386,
          "n_trades": 452
        },
        "6m": {
          "pnl_pct": 193.450724352141,
          "max_dd_pct": -52.91603475664396,
          "n_trades": 229
        },
        "3m": {
          "pnl_pct": 56.02849590581429,
          "max_dd_pct": -15.526396880939835,
          "n_trades": 128
        }
      },
      "verdict": {
        "verdict": "RED",
        "pass_pnl": 0,
        "avg_dd": -4.063324265380725,
        "deltas": {
          "28m": {
            "d_pnl": -302650.5039605601,
            "d_dd": 7.775420165896904
          },
          "12m": {
            "d_pnl": -7058.777989712044,
            "d_dd": -11.510068188401739
          },
          "6m": {
            "d_pnl": -944.6182082579154,
            "d_dd": -13.819764204695765
          },
          "3m": {
            "d_pnl": -2.96173501768984,
            "d_dd": 1.3011151656777002
          }
        }
      },
      "fired": 408,
      "fired_by_regime": {
        "neutral": 69,
        "bear": 339
      }
    },
    "block_long_us_open__bz_lt_neg05": {
      "rule": "block_long_us_open",
      "z_threshold": -0.5,
      "res": {
        "28m": {
          "pnl_pct": 109640.70050467372,
          "max_dd_pct": -76.44917328798948,
          "n_trades": 1110
        },
        "12m": {
          "pnl_pct": 2997.370413344767,
          "max_dd_pct": -47.919509148424076,
          "n_trades": 457
        },
        "6m": {
          "pnl_pct": 433.42733151107717,
          "max_dd_pct": -47.91961097457148,
          "n_trades": 232
        },
        "3m": {
          "pnl_pct": 58.99023092350413,
          "max_dd_pct": -16.827512046617535,
          "n_trades": 129
        }
      },
      "verdict": {
        "verdict": "RED",
        "pass_pnl": 0,
        "avg_dd": -5.254482746435864,
        "deltas": {
          "28m": {
            "d_pnl": -425300.24798844574,
            "d_dd": -5.681087109172736
          },
          "12m": {
            "d_pnl": -6112.572068474696,
            "d_dd": -6.513503453947429
          },
          "6m": {
            "d_pnl": -704.6416010989792,
            "d_dd": -8.82334042262329
          },
          "3m": {
            "d_pnl": 0.0,
            "d_dd": 0.0
          }
        }
      },
      "fired": 171,
      "fired_by_regime": {
        "bear": 171
      }
    },
    "block_long_us_open__bz_lt_0": {
      "rule": "block_long_us_open",
      "z_threshold": 0.0,
      "res": {
        "28m": {
          "pnl_pct": 245135.53353619986,
          "max_dd_pct": -63.18530908714746,
          "n_trades": 1102
        },
        "12m": {
          "pnl_pct": 2903.466653923862,
          "max_dd_pct": -47.9195391453948,
          "n_trades": 458
        },
        "6m": {
          "pnl_pct": 428.977191269315,
          "max_dd_pct": -47.91953459428774,
          "n_trades": 232
        },
        "3m": {
          "pnl_pct": 58.99023092350413,
          "max_dd_pct": -16.827512046617535,
          "n_trades": 129
        }
      },
      "verdict": {
        "verdict": "RED",
        "pass_pnl": 0,
        "avg_dd": -1.9385051003971032,
        "deltas": {
          "28m": {
            "d_pnl": -289805.4149569196,
            "d_dd": 7.582777091669286
          },
          "12m": {
            "d_pnl": -6206.4758278956,
            "d_dd": -6.513533450918153
          },
          "6m": {
            "d_pnl": -709.0917413407415,
            "d_dd": -8.823264042339545
          },
          "3m": {
            "d_pnl": 0.0,
            "d_dd": 0.0
          }
        }
      },
      "fired": 210,
      "fired_by_regime": {
        "neutral": 38,
        "bear": 172
      }
    },
    "block_long_s5_us__bz_lt_neg05": {
      "rule": "block_long_s5_us",
      "z_threshold": -0.5,
      "res": {
        "28m": {
          "pnl_pct": 249904.43414171442,
          "max_dd_pct": -71.07248491729223,
          "n_trades": 1118
        },
        "12m": {
          "pnl_pct": 6178.166410828541,
          "max_dd_pct": -41.40597052865601,
          "n_trades": 463
        },
        "6m": {
          "pnl_pct": 664.94067781155,
          "max_dd_pct": -39.096346584895244,
          "n_trades": 235
        },
        "3m": {
          "pnl_pct": 57.86823005445547,
          "max_dd_pct": -15.526396880939835,
          "n_trades": 128
        }
      },
      "verdict": {
        "verdict": "RED",
        "pass_pnl": 0,
        "avg_dd": 0.24916889001895015,
        "deltas": {
          "28m": {
            "d_pnl": -285036.514351405,
            "d_dd": -0.30439873847548427
          },
          "12m": {
            "d_pnl": -2931.7760709909207,
            "d_dd": 3.516582063411988e-05
          },
          "6m": {
            "d_pnl": -473.1282547985064,
            "d_dd": -7.603294704949803e-05
          },
          "3m": {
            "d_pnl": -1.1220008690486551,
            "d_dd": 1.3011151656777002
          }
        }
      },
      "fired": 136,
      "fired_by_regime": {
        "bear": 136
      }
    },
    "block_long_s5_us__bz_lt_0": {
      "rule": "block_long_s5_us",
      "z_threshold": 0.0,
      "res": {
        "28m": {
          "pnl_pct": 419658.18716395216,
          "max_dd_pct": -61.0134696286252,
          "n_trades": 1109
        },
        "12m": {
          "pnl_pct": 5941.42715366562,
          "max_dd_pct": -41.40598772136231,
          "n_trades": 462
        },
        "6m": {
          "pnl_pct": 638.9391738467502,
          "max_dd_pct": -39.09631756893755,
          "n_trades": 235
        },
        "3m": {
          "pnl_pct": 56.02849590581429,
          "max_dd_pct": -15.526396880939835,
          "n_trades": 128
        }
      },