{
  "version": "session_filter_v3_recent_windows",
  "timestamp": "2026-05-27T10:37:31.956442+00:00",
  "windows": [
    [
      "6m",
      6
    ],
    [
      "3m",
      3
    ],
    [
      "2m",
      2
    ],
    [
      "1m",
      1
    ]
  ],
  "baseline": {
    "6m": {
      "pnl_pct": 1138.0689326100564,
      "max_dd_pct": -39.096270551948194,
      "n_trades": 235
    },
    "3m": {
      "pnl_pct": 58.99023092350413,
      "max_dd_pct": -16.827512046617535,
      "n_trades": 129
    },
    "2m": {
      "pnl_pct": 45.94764958154569,
      "max_dd_pct": -11.841282916195954,
      "n_trades": 93
    },
    "1m": {
      "pnl_pct": 46.88763701356311,
      "max_dd_pct": -10.430223830028721,
      "n_trades": 48
    }
  },
  "variants": {
    "block_long_us": {
      "rule": "block_long_us",
      "z_threshold": null,
      "res": {
        "6m": {
          "pnl_pct": 106.67891390499152,
          "max_dd_pct": -52.98654569015855,
          "n_trades": 227
        },
        "3m": {
          "pnl_pct": 10.055840274519777,
          "max_dd_pct": -21.52455760318399,
          "n_trades": 127
        },
        "2m": {
          "pnl_pct": 2.985356332838074,
          "max_dd_pct": -19.256403756576727,
          "n_trades": 93
        },
        "1m": {
          "pnl_pct": 15.496719190462539,
          "max_dd_pct": -19.25633085906247,
          "n_trades": 48
        }
      },
      "verdict": {
        "verdict": "RED",
        "pass_pnl": 0,
        "avg_dd": -8.707137141047832,
        "deltas": {
          "6m": {
            "d_pnl": -1031.390018705065,
            "d_dd": -13.890275138210356
          },
          "3m": {
            "d_pnl": -48.93439064898435,
            "d_dd": -4.697045556566454
          },
          "2m": {
            "d_pnl": -42.96229324870762,
            "d_dd": -7.415120840380773
          },
          "1m": {
            "d_pnl": -31.39091782310057,
            "d_dd": -8.826107029033748
          }
        }
      },
      "fired": 213
    },
    "block_long_us_open": {
      "rule": "block_long_us_open",
      "z_threshold": null,
      "res": {
        "6m": {
          "pnl_pct": 394.0088235425261,
          "max_dd_pct": -47.497637279403776,
          "n_trades": 231
        },
        "3m": {
          "pnl_pct": 47.2871178894676,
          "max_dd_pct": -19.710679230017288,
          "n_trades": 129
        },
        "2m": {
          "pnl_pct": 33.63835951364147,
          "max_dd_pct": -15.971357085047346,
          "n_trades": 93
        },
        "1m": {
          "pnl_pct": 47.70034118564632,
          "max_dd_pct": -11.663953274637349,
          "n_trades": 48
        }
      },
      "verdict": {
        "verdict": "RED",
        "pass_pnl": 1,
        "avg_dd": -4.162084381078838,
        "deltas": {
          "6m": {
            "d_pnl": -744.0601090675303,
            "d_dd": -8.401366727455581
          },
          "3m": {
            "d_pnl": -11.703113034036527,
            "d_dd": -2.8831671833997525
          },
          "2m": {
            "d_pnl": -12.309290067904222,
            "d_dd": -4.130074168851392
          },
          "1m": {
            "d_pnl": 0.8127041720832153,
            "d_dd": -1.2337294446086275
          }
        }
      },
      "fired": 141
    },
    "block_long_s5_us": {
      "rule": "block_long_s5_us",
      "z_threshold": null,
      "res": {
        "6m": {
          "pnl_pct": 420.43543300184433,
          "max_dd_pct": -39.096290841449374,
          "n_trades": 233
        },
        "3m": {
          "pnl_pct": 10.055840274519777,
          "max_dd_pct": -21.52455760318399,
          "n_trades": 127
        },
        "2m": {
          "pnl_pct": 2.985356332838074,
          "max_dd_pct": -19.256403756576727,
          "n_trades": 93
        },
        "1m": {
          "pnl_pct": 15.496719190462539,
          "max_dd_pct": -19.25633085906247,
          "n_trades": 48
        }
      },
      "verdict": {
        "verdict": "RED",
        "pass_pnl": 0,
        "avg_dd": -5.234573428870538,
        "deltas": {
          "6m": {
            "d_pnl": -717.6334996082121,
            "d_dd": -2.0289501179604486e-05
          },
          "3m": {
            "d_pnl": -48.93439064898435,
            "d_dd": -4.697045556566454
          },
          "2m": {
            "d_pnl": -42.96229324870762,
            "d_dd": -7.415120840380773
          },
          "1m": {
            "d_pnl": -31.39091782310057,
            "d_dd": -8.826107029033748
          }
        }
      },
      "fired": 110
    },
    "block_long_us__bz_neg05": {
      "rule": "block_long_us",
      "z_threshold": -0.5,
      "res": {
        "6m": {
          "pnl_pct": 203.77445113490484,
          "max_dd_pct": -52.91633222271814,
          "n_trades": 229
        },
        "3m": {
          "pnl_pct": 57.86823005445547,
          "max_dd_pct": -15.526396880939835,
          "n_trades": 128
        },
        "2m": {
          "pnl_pct": 45.94764958154569,
          "max_dd_pct": -11.841282916195954,
          "n_trades": 93
        },
        "1m": {
          "pnl_pct": 46.88763701356311,
          "max_dd_pct": -10.430223830028721,
          "n_trades": 48
        }
      },
      "verdict": {
        "verdict": "RED",
        "pass_pnl": 0,
        "avg_dd": -3.1297366262730613,
        "deltas": {
          "6m": {
            "d_pnl": -934.2944814751515,
            "d_dd": -13.820061670769945
          },
          "3m": {
            "d_pnl": -1.1220008690486551,
            "d_dd": 1.3011151656777002
          },
          "2m": {
            "d_pnl": 0.0,
            "d_dd": 0.0
          },
          "1m": {
            "d_pnl": 0.0,
            "d_dd": 0.0
          }
        }
      },
      "fired": 47
    },
    "block_long_us__bz_0": {
      "rule": "block_long_us",
      "z_threshold": 0.0,
      "res": {
        "6m": {
          "pnl_pct": 193.450724352141,
          "max_dd_pct": -52.91603475664396,
          "n_trades": 229
        },
        "3m": {
          "pnl_pct": 56.02849590581429,
          "max_dd_pct": -15.526396880939835,
          "n_trades": 128
        },
        "2m": {
          "pnl_pct": 44.24683186736844,
          "max_dd_pct": -11.841282916195954,
          "n_trades": 93
        },
        "1m": {
          "pnl_pct": 45.175859485724686,
          "max_dd_pct": -10.430223830028721,
          "n_trades": 48
        }
      },
      "verdict": {
        "verdict": "RED",
        "pass_pnl": 0,
        "avg_dd": -3.1296622597545163,
        "deltas": {
          "6m": {
            "d_pnl": -944.6182082579154,
            "d_dd": -13.819764204695765
          },
          "3m": {
            "d_pnl": -2.96173501768984,
            "d_dd": 1.3011151656777002
          },
          "2m": {
            "d_pnl": -1.7008177141772478,
            "d_dd": 0.0
          },
          "1m": {
            "d_pnl": -1.7117775278384215,
            "d_dd": 0.0
          }
        }
      },
      "fired": 53
    },
    "block_long_us_open__bz_neg05": {
      "rule": "block_long_us_open",
      "z_threshold": -0.5,
      "res": {
        "6m": {
          "pnl_pct": 433.42733151107717,
          "max_dd_pct": -47.91961097457148,
          "n_trades": 232
        },
        "3m": {
          "pnl_pct": 58.99023092350413,
          "max_dd_pct": -16.827512046617535,
          "n_trades": 129
        },
        "2m": {
          "pnl_pct": 45.94764958154569,
          "max_dd_pct": -11.841282916195954,
          "n_trades": 93
        },
        "1m": {
          "pnl_pct": 46.88763701356311,
          "max_dd_pct": -10.430223830028721,
          "n_trades": 48
        }
      },
      "verdict": {
        "verdict": "RED",
        "pass_pnl": 0,
        "avg_dd": -2.2058351056558223,
        "deltas": {
          "6m": {
            "d_pnl": -704.6416010989792,
            "d_dd": -8.82334042262329
          },