{
  "version": "session_filter_v1",
  "timestamp": "2026-05-27T10:25:51.550007+00:00",
  "baseline": {
    "28m": {
      "pnl_pct": 534940.9484931194,
      "max_dd_pct": -70.76808617881674,
      "n_trades": 1126
    },
    "12m": {
      "pnl_pct": 9109.942481819462,
      "max_dd_pct": -41.40600569447665,
      "n_trades": 466
    },
    "6m": {
      "pnl_pct": 1138.0689326100564,
      "max_dd_pct": -39.096270551948194,
      "n_trades": 235
    },
    "3m": {
      "pnl_pct": 58.99023092350413,
      "max_dd_pct": -16.827512046617535,
      "n_trades": 129
    }
  },
  "variants": {
    "block_long_us": {
      "res": {
        "28m": {
          "pnl_pct": 139310.71413490936,
          "max_dd_pct": -55.02969382071319,
          "n_trades": 1070
        },
        "12m": {
          "pnl_pct": 1751.72844638365,
          "max_dd_pct": -52.98664896045211,
          "n_trades": 447
        },
        "6m": {
          "pnl_pct": 106.67891390499152,
          "max_dd_pct": -52.98654569015855,
          "n_trades": 227
        },
        "3m": {
          "pnl_pct": 10.055840274519777,
          "max_dd_pct": -21.52455760318399,
          "n_trades": 127
        }
      },
      "verdict": {
        "verdict": "RED",
        "pass_pnl": 0,
        "avg_dd": -3.6073929006621794,
        "deltas": {
          "28m": {
            "d_pnl": -395630.2343582101,
            "d_dd": 15.738392358103553
          },
          "12m": {
            "d_pnl": -7358.214035435813,
            "d_dd": -11.58064326597546
          },
          "6m": {
            "d_pnl": -1031.390018705065,
            "d_dd": -13.890275138210356
          },
          "3m": {
            "d_pnl": -48.93439064898435,
            "d_dd": -4.697045556566454
          }
        }
      },
      "fired": 3227
    },
    "block_long_us_wide": {
      "res": {
        "28m": {
          "pnl_pct": 139310.71413490936,
          "max_dd_pct": -55.02969382071319,
          "n_trades": 1070
        },
        "12m": {
          "pnl_pct": 1751.72844638365,
          "max_dd_pct": -52.98664896045211,
          "n_trades": 447
        },
        "6m": {
          "pnl_pct": 106.67891390499152,
          "max_dd_pct": -52.98654569015855,
          "n_trades": 227
        },
        "3m": {
          "pnl_pct": 10.055840274519777,
          "max_dd_pct": -21.52455760318399,
          "n_trades": 127
        }
      },
      "verdict": {
        "verdict": "RED",
        "pass_pnl": 0,
        "avg_dd": -3.6073929006621794,
        "deltas": {
          "28m": {
            "d_pnl": -395630.2343582101,
            "d_dd": 15.738392358103553
          },
          "12m": {
            "d_pnl": -7358.214035435813,
            "d_dd": -11.58064326597546
          },
          "6m": {
            "d_pnl": -1031.390018705065,
            "d_dd": -13.890275138210356
          },
          "3m": {
            "d_pnl": -48.93439064898435,
            "d_dd": -4.697045556566454
          }
        }
      },
      "fired": 3227
    },
    "block_long_us_open": {
      "res": {
        "28m": {
          "pnl_pct": 161650.62635589973,
          "max_dd_pct": -64.24229230353919,
          "n_trades": 1098
        },
        "12m": {
          "pnl_pct": 2627.998681478646,
          "max_dd_pct": -47.49760384445793,
          "n_trades": 457
        },
        "6m": {
          "pnl_pct": 394.0088235425261,
          "max_dd_pct": -47.497637279403776,
          "n_trades": 231
        },
        "3m": {
          "pnl_pct": 47.2871178894676,
          "max_dd_pct": -19.710679230017288,
          "n_trades": 129
        }
      },
      "verdict": {
        "verdict": "RED",
        "pass_pnl": 0,
        "avg_dd": -2.712584546389764,
        "deltas": {
          "28m": {
            "d_pnl": -373290.3221372197,
            "d_dd": 6.525793875277557
          },
          "12m": {
            "d_pnl": -6481.943800340816,
            "d_dd": -6.09159814998128
          },
          "6m": {
            "d_pnl": -744.0601090675303,
            "d_dd": -8.401366727455581
          },
          "3m": {
            "d_pnl": -11.703113034036527,
            "d_dd": -2.8831671833997525
          }
        }
      },
      "fired": 1671
    },
    "block_long_us_we_only": {
      "res": {
        "28m": {
          "pnl_pct": 199818.68648733274,
          "max_dd_pct": -55.831625157723664,
          "n_trades": 1085
        },
        "12m": {
          "pnl_pct": 4649.902629494781,
          "max_dd_pct": -42.075076639531176,
          "n_trades": 452
        },
        "6m": {
          "pnl_pct": 294.380263782868,
          "max_dd_pct": -42.075172479691474,
          "n_trades": 231
        },
        "3m": {
          "pnl_pct": 38.0862807168612,
          "max_dd_pct": -22.733259524897154,
          "n_trades": 128
        }
      },
      "verdict": {
        "verdict": "RED",
        "pass_pnl": 0,
        "avg_dd": 1.3456851675039134,
        "deltas": {
          "28m": {
            "d_pnl": -335122.2620057867,
            "d_dd": 14.93646102109308
          },
          "12m": {
            "d_pnl": -4460.039852324681,
            "d_dd": -0.6690709450545285
          },
          "6m": {
            "d_pnl": -843.6886688271884,
            "d_dd": -2.97890192774328
          },
          "3m": {
            "d_pnl": -20.903950206642932,
            "d_dd": -5.905747478279618
          }
        }
      },
      "fired": 2359
    },
    "block_long_s5_us": {
      "res": {
        "28m": {
          "pnl_pct": 641290.7757704629,
          "max_dd_pct": -52.62453354884923,
          "n_trades": 1095
        },
        "12m": {
          "pnl_pct": 5100.4923352908845,
          "max_dd_pct": -41.40598349451357,
          "n_trades": 457
        },
        "6m": {
          "pnl_pct": 420.43543300184433,
          "max_dd_pct": -39.096290841449374,
          "n_trades": 233
        },
        "3m": {
          "pnl_pct": 10.055840274519777,
          "max_dd_pct": -21.52455760318399,
          "n_trades": 127
        }
      },
      "verdict": {
        "verdict": "RED",
        "pass_pnl": 1,
        "avg_dd": 3.3616272459657397,
        "deltas": {
          "28m": {
            "d_pnl": 106349.82727734349,
            "d_dd": 18.143552629967516
          },
          "12m": {
            "d_pnl": -4009.4501465285775,
            "d_dd": 2.219996307673e-05
          },
          "6m": {
            "d_pnl": -717.6334996082121,
            "d_dd": -2.0289501179604486e-05
          },
          "3m": {
            "d_pnl": -48.93439064898435,
            "d_dd": -4.697045556566454
          }
        }
      },
      "fired": 360
    },
    "block_all_us": {
      "res": {
        "28m": {
          "pnl_pct": 44702.502384336934,
          "max_dd_pct": -58.79873344142212,
          "n_trades": 923
        },
        "12m": {
          "pnl_pct": 507.7368293217874,
          "max_dd_pct": -58.79874028530515,
          "n_trades": 373
        },
        "6m": {
          "pnl_pct": 30.87662919048,
          "max_dd_pct": -58.79853554237289,
          "n_trades": 189
        },
        "3m": {
          "pnl_pct": 8.455743443709185,
          "max_dd_pct": -24.828587352520945,
          "n_trades": 105
        }
      },
      "verdict": {
        "verdict": "RED",
        "pass_pnl": 0,
        "avg_dd": -8.281680537440497,
        "deltas": {
          "28m": {
            "d_pnl": -490238.4461087825,
            "d_dd": 11.969352737394622
          },
          "12m": {
            "d_pnl": -8602.205652497674,
            "d_dd": -17.392734590828503
          },
          "6m": {
            "d_pnl": -1107.1923034195765,
            "d_dd": -19.702264990424695
          },
          "3m": {
            "d_pnl": -50.53448747979495,
            "d_dd": -8.00107530590341
          }
        }
      },
      "fired": 4116
    },