{
  "version": "session_confirm_v1",
  "timestamp": "2026-05-27T11:08:11.495640+00:00",
  "windows": [
    [
      "6m",
      6
    ],
    [
      "3m",
      3
    ],
    [
      "2m",
      2
    ],
    [
      "1m",
      1
    ]
  ],
  "baseline": {
    "6m": {
      "pnl_pct": 1138.0689326100564,
      "max_dd_pct": -39.096270551948194,
      "n_trades": 235
    },
    "3m": {
      "pnl_pct": 58.99023092350413,
      "max_dd_pct": -16.827512046617535,
      "n_trades": 129
    },
    "2m": {
      "pnl_pct": 45.94764958154569,
      "max_dd_pct": -11.841282916195954,
      "n_trades": 93
    },
    "1m": {
      "pnl_pct": 46.88763701356311,
      "max_dd_pct": -10.430223830028721,
      "n_trades": 48
    }
  },
  "variants": {
    "confirm_long_us": {
      "rule": "confirm_long_us",
      "z_threshold": null,
      "res": {
        "6m": {
          "pnl_pct": 274.9084048241796,
          "max_dd_pct": -47.201235436523405,
          "n_trades": 226
        },
        "3m": {
          "pnl_pct": 19.870129566635832,
          "max_dd_pct": -20.369635725756215,
          "n_trades": 126
        },
        "2m": {
          "pnl_pct": 12.169563649959825,
          "max_dd_pct": -15.971357085047346,
          "n_trades": 92
        },
        "1m": {
          "pnl_pct": 23.97165497341094,
          "max_dd_pct": -13.687398752717018,
          "n_trades": 47
        }
      },
      "verdict": {
        "verdict": "RED",
        "pass_pnl": 0,
        "avg_dd": -4.758584413813395,
        "deltas": {
          "6m": {
            "d_pnl": -863.1605277858769,
            "d_dd": -8.10496488457521
          },
          "3m": {
            "d_pnl": -39.1201013568683,
            "d_dd": -3.5421236791386796
          },
          "2m": {
            "d_pnl": -33.77808593158586,
            "d_dd": -4.130074168851392
          },
          "1m": {
            "d_pnl": -22.91598204015217,
            "d_dd": -3.2571749226882964
          }
        }
      },
      "skipped": 190,
      "confirmed": 22
    },
    "confirm_long_us_open": {
      "rule": "confirm_long_us_open",
      "z_threshold": null,
      "res": {
        "6m": {
          "pnl_pct": 394.0088235425261,
          "max_dd_pct": -47.497637279403776,
          "n_trades": 231
        },
        "3m": {
          "pnl_pct": 47.2871178894676,
          "max_dd_pct": -19.710679230017288,
          "n_trades": 129
        },
        "2m": {
          "pnl_pct": 33.63835951364147,
          "max_dd_pct": -15.971357085047346,
          "n_trades": 93
        },
        "1m": {
          "pnl_pct": 47.70034118564632,
          "max_dd_pct": -11.663953274637349,
          "n_trades": 48
        }
      },
      "verdict": {
        "verdict": "RED",
        "pass_pnl": 1,
        "avg_dd": -4.162084381078838,
        "deltas": {
          "6m": {
            "d_pnl": -744.0601090675303,
            "d_dd": -8.401366727455581
          },
          "3m": {
            "d_pnl": -11.703113034036527,
            "d_dd": -2.8831671833997525
          },
          "2m": {
            "d_pnl": -12.309290067904222,
            "d_dd": -4.130074168851392
          },
          "1m": {
            "d_pnl": 0.8127041720832153,
            "d_dd": -1.2337294446086275
          }
        }
      },
      "skipped": 141,
      "confirmed": 0
    },
    "confirm_long_s5_us": {
      "rule": "confirm_long_s5_us",
      "z_threshold": null,
      "res": {
        "6m": {
          "pnl_pct": 629.6668542729685,
          "max_dd_pct": -39.09633993919858,
          "n_trades": 232
        },
        "3m": {
          "pnl_pct": 19.870129566635832,
          "max_dd_pct": -20.369635725756215,
          "n_trades": 126
        },
        "2m": {
          "pnl_pct": 12.169563649959825,
          "max_dd_pct": -15.971357085047346,
          "n_trades": 92
        },
        "1m": {
          "pnl_pct": 23.97165497341094,
          "max_dd_pct": -13.687398752717018,
          "n_trades": 47
        }
      },
      "verdict": {
        "verdict": "RED",
        "pass_pnl": 0,
        "avg_dd": -2.732360539482188,
        "deltas": {
          "6m": {
            "d_pnl": -508.4020783370879,
            "d_dd": -6.938725038452276e-05
          },
          "3m": {
            "d_pnl": -39.1201013568683,
            "d_dd": -3.5421236791386796
          },
          "2m": {
            "d_pnl": -33.77808593158586,
            "d_dd": -4.130074168851392
          },
          "1m": {
            "d_pnl": -22.91598204015217,
            "d_dd": -3.2571749226882964
          }
        }
      },
      "skipped": 94,
      "confirmed": 16
    },
    "confirm_all_us": {
      "rule": "confirm_all_us",
      "z_threshold": null,
      "res": {
        "6m": {
          "pnl_pct": 170.7625610508829,
          "max_dd_pct": -54.48074693612182,
          "n_trades": 204
        },
        "3m": {
          "pnl_pct": 10.265035491085195,
          "max_dd_pct": -24.67879434686497,
          "n_trades": 114
        },
        "2m": {
          "pnl_pct": 6.110153868002666,
          "max_dd_pct": -21.151869102770284,
          "n_trades": 84
        },
        "1m": {
          "pnl_pct": 21.11110377338359,
          "max_dd_pct": -15.025725638281012,
          "n_trades": 44
        }
      },
      "verdict": {
        "verdict": "RED",
        "pass_pnl": 0,
        "avg_dd": -9.28546166981192,
        "deltas": {
          "6m": {
            "d_pnl": -967.3063715591735,
            "d_dd": -15.384476384173624
          },
          "3m": {
            "d_pnl": -48.725195432418936,
            "d_dd": -7.8512823002474335
          },
          "2m": {
            "d_pnl": -39.83749571354302,
            "d_dd": -9.31058618657433
          },
          "1m": {
            "d_pnl": -25.776533240179518,
            "d_dd": -4.5955018082522905
          }
        }
      },
      "skipped": 376,
      "confirmed": 77
    },
    "confirm_long_us__bz_neg05": {
      "rule": "confirm_long_us__bz_neg05",
      "z_threshold": -0.5,
      "res": {
        "6m": {
          "pnl_pct": 393.9058285392618,
          "max_dd_pct": -47.62557546544334,
          "n_trades": 229
        },
        "3m": {
          "pnl_pct": 57.86823005445547,
          "max_dd_pct": -15.526396880939835,
          "n_trades": 128
        },
        "2m": {
          "pnl_pct": 45.94764958154569,
          "max_dd_pct": -11.841282916195954,
          "n_trades": 93
        },
        "1m": {
          "pnl_pct": 46.88763701356311,
          "max_dd_pct": -10.430223830028721,
          "n_trades": 48
        }
      },
      "verdict": {
        "verdict": "RED",
        "pass_pnl": 0,
        "avg_dd": -1.8070474369543614,
        "deltas": {
          "6m": {
            "d_pnl": -744.1631040707946,
            "d_dd": -8.529304913495146
          },
          "3m": {
            "d_pnl": -1.1220008690486551,
            "d_dd": 1.3011151656777002
          },
          "2m": {
            "d_pnl": 0.0,
            "d_dd": 0.0
          },
          "1m": {
            "d_pnl": 0.0,
            "d_dd": 0.0
          }
        }
      },
      "skipped": 37,
      "confirmed": 9
    },
    "confirm_long_us__bz_0": {
      "rule": "confirm_long_us__bz_0",
      "z_threshold": 0.0,
      "res": {
        "6m": {
          "pnl_pct": 384.0745535612432,
          "max_dd_pct": -47.62555210501429,
          "n_trades": 229
        },
        "3m": {
          "pnl_pct": 56.02849590581429,
          "max_dd_pct": -15.526396880939835,
          "n_trades": 128
        },
        "2m": {
          "pnl_pct": 44.24683186736844,
          "max_dd_pct": -11.841282916195954,
          "n_trades": 93
        },
        "1m": {
          "pnl_pct": 45.175859485724686,
          "max_dd_pct": -10.430223830028721,
          "n_trades": 48
        }
      },
      "verdict": {
        "verdict": "RED",
        "pass_pnl": 0,
        "avg_dd": -1.8070415968470996,